Title, Company, Region, Link
Senior Full Stack Engineer,Tarjimly,ğŸŒ Worldwide,https://remoteok.com/remote-jobs/remote-senior-full-stack-engineer-tarjimly-817812
Staff iOS Engineer,Eventbrite, Inc.,ğŸŒ Probably worldwide,https://remoteok.com/remote-jobs/remote-staff-ios-engineer-eventbrite-inc-841777
Senior Fullstack Developer,Pupil Labs,ğŸ‡ªğŸ‡º Europe,https://remoteok.com/remote-jobs/remote-senior-fullstack-developer-pupil-labs-830779
Security Integrations Developer,OpenZeppelin,Worldwide,https://remoteok.com/remote-jobs/remote-security-integrations-developer-openzeppelin-841599
Senior Staff Software Engineer Backend Python,Close,ğŸ‡ºğŸ‡¸ United States,https://remoteok.com/remote-jobs/remote-senior-staff-software-engineer-backend-python-close-662302
Infrastructure Engineer,Chainstack,Worldwide,https://remoteok.com/remote-jobs/remote-infrastructure-engineer-chainstack-838648
Backend Engineer,Ethena,Globally Remote,https://remoteok.com/remote-jobs/remote-backend-engineer-ethena-830637
Security Engineer Product & Production Infrastructure,Wiz, Inc.,ğŸ‡¬ğŸ‡§ United Kingdom,https://remoteok.com/remote-jobs/remote-security-engineer-product-production-infrastructure-wiz-inc-828654
Embedded Linux Software Engineer,Canonical - Jobs,ğŸ‡ºğŸ‡¸ United States,https://remoteok.com/remote-jobs/remote-embedded-linux-software-engineer-canonical-jobs-828204
Semi Senior DevOps Engineer,Nearsure,ğŸŒ Probably worldwide,https://remoteok.com/remote-jobs/remote-semi-senior-devops-engineer-nearsure-827975
Software Engineer,Chainstack,Worldwide,https://remoteok.com/remote-jobs/remote-software-engineer-chainstack-828675
Senior DevOps Engineer Automotive,SoundHound AI,ğŸ‡«ğŸ‡· France,https://remoteok.com/remote-jobs/remote-senior-devops-engineer-automotive-soundhound-ai-825283
Onchain Data Analyst,RabbitHole,Worldwide,https://remoteok.com/remote-jobs/remote-onchain-data-analyst-rabbithole-823542
Semi Senior DevOps Engineer,Nearsure,ğŸŒ Probably worldwide,https://remoteok.com/remote-jobs/remote-semi-senior-devops-engineer-nearsure-822166
Senior Backend Engineer Ruby on Rails,Klue,ğŸŒ Probably worldwide,https://remoteok.com/remote-jobs/remote-senior-backend-engineer-ruby-on-rails-klue-821362
Senior Data Engineer,Interwell Health,ğŸ‡ºğŸ‡¸ United States,https://remoteok.com/remote-jobs/remote-senior-data-engineer-interwell-health-819752
Machine Learning Engineer 2024 Grad,Kensho,Cambridge/NY/DC/Remote,https://remoteok.com/remote-jobs/remote-machine-learning-engineer-2024-grad-kensho-819304
Staff Software Engineer Outbound Messaging,Memora Health,ğŸŒ Probably worldwide,https://remoteok.com/remote-jobs/remote-staff-software-engineer-outbound-messaging-memora-health-819047
Data and AI Specialist,Crunchbase,ğŸŒ Probably worldwide,https://remoteok.com/remote-jobs/remote-data-and-ai-specialist-crunchbase-818803
Analytics Engineer,Teachable,ğŸ‡§ğŸ‡· Brazil,https://remoteok.com/remote-jobs/remote-analytics-engineer-teachable-817732
